state_name,constituency_name,sheet,elector_General_m,elector_General_w,voter_General_m,voter_General_w,candidate_Contested_m,candidate_Contested_w,voter_POLLING PERCENTAGE_total,result_margin,votes_Total Valid Votes Polled,state_name_updated,constituency_name_updated,constituency_type_updated,country,id
Andhra Pradesh-S01,Aruku -ST,S01-1,707693,741531,523085,544258,7,3,74.03,224089,1026561,Andhra Pradesh,Aruku,ST,IN,1
Andhra Pradesh-S01,Srikakulam-GEN,S01-2,768684,771259,548060,594937,9,0,74.48,6653,1131784,Andhra Pradesh,Srikakulam,GEN,IN,2
Andhra Pradesh-S01,Vizianagaram-GEN,S01-3,749438,749681,603059,605843,13,1,80.98,48036,1188389,Andhra Pradesh,Vizianagaram,GEN,IN,3
Andhra Pradesh-S01,Visakhapatnam-GEN,S01-4,914450,910846,608306,624713,10,4,67.77,4414,1223108,Andhra Pradesh,Visakhapatnam,GEN,IN,4
Andhra Pradesh-S01,Anakapalli-GEN,S01-5,746440,770950,606111,626764,8,2,81.41,89192,1203594,Andhra Pradesh,Anakapalli,GEN,IN,5
Andhra Pradesh-S01,Kakinada-GEN,S01-6,775208,787609,616003,611330,12,3,78.95,25738,1217502,Andhra Pradesh,Kakinada,GEN,IN,6
Andhra Pradesh-S01,Amalapuram -SC,S01-7,728445,730104,617210,607337,9,1,84.47,39795,1216427,Andhra Pradesh,Amalapuram,SC,IN,7
Andhra Pradesh-S01,Rajahmundry-GEN,S01-8,753238,780030,617706,626974,10,1,81.5,121634,1232340,Andhra Pradesh,Rajahmundry,GEN,IN,8
Andhra Pradesh-S01,Narsapuram-GEN,S01-9,708001,730511,580907,587960,14,1,81.8,32676,1165629,Andhra Pradesh,Narsapuram,GEN,IN,9
Andhra Pradesh-S01,Eluru -GEN,S01-10,784838,809167,659879,662137,10,0,83.26,165925,1304043,Andhra Pradesh,Eluru,GEN,IN,10
Andhra Pradesh-S01,Machilipatnam -GEN,S01-11,720749,751611,609214,626244,10,2,84.47,60238,1230469,Andhra Pradesh,Machilipatnam,GEN,IN,11
Andhra Pradesh-S01,Vijayawada-GEN,S01-12,814598,837479,632378,640718,13,2,77.3,8726,1268800,Andhra Pradesh,Vijayawada,GEN,IN,12
Andhra Pradesh-S01,Guntur-GEN,S01-13,828116,875666,659306,686873,19,0,79.21,4205,1345468,Andhra Pradesh,Guntur,GEN,IN,13
Andhra Pradesh-S01,Narasaraopet-GEN,S01-14,820154,848809,707594,721882,13,0,86.05,154002,1424893,Andhra Pradesh,Narasaraopet,GEN,IN,14
Andhra Pradesh-S01,Bapatla -SC,S01-15,718086,745777,618167,636396,12,1,86.23,16065,1253274,Andhra Pradesh,Bapatla,SC,IN,15
Andhra Pradesh-S01,Ongole -GEN,S01-16,774876,774982,663664,659603,13,0,86.24,214851,1321503,Andhra Pradesh,Ongole,GEN,IN,16
Andhra Pradesh-S01,Nandyal-GEN,S01-17,789496,810564,639159,649242,19,1,81.03,250119,1289302,Andhra Pradesh,Nandyal,GEN,IN,17
Andhra Pradesh-S01,Kurnool-GEN,S01-18,785662,786054,596807,585326,16,0,75.54,149067,1180610,Andhra Pradesh,Kurnool,GEN,IN,18
Andhra Pradesh-S01,Anantapur-GEN,S01-19,831151,831381,672882,661447,12,2,80.66,141428,1325840,Andhra Pradesh,Anantapur,GEN,IN,19
Andhra Pradesh-S01,Hindupur-GEN,S01-20,794000,782683,672703,654120,9,0,84.81,140748,1321086,Andhra Pradesh,Hindupur,GEN,IN,20
Andhra Pradesh-S01,Kadapa-GEN,S01-21,772621,795457,593730,625851,14,1,78.22,380726,1213550,Andhra Pradesh,Kadapa,GEN,IN,21
Andhra Pradesh-S01,Nellore-GEN,S01-22,821216,850700,629756,644145,13,0,76.94,148571,1269875,Andhra Pradesh,Nellore,GEN,IN,22
Andhra Pradesh-S01,Tirupati -SC,S01-23,809994,839565,643590,660641,11,1,79.59,228376,1287734,Andhra Pradesh,Tirupati,SC,IN,23
Andhra Pradesh-S01,Rajampet-GEN,S01-24,764829,779336,597375,615378,8,1,79.15,268284,1203015,Andhra Pradesh,Rajampet,GEN,IN,24
Andhra Pradesh-S01,Chittoor -SC,S01-25,776363,786572,650995,658150,8,0,84.23,137271,1298916,Andhra Pradesh,Chittoor,SC,IN,25
Arunachal Pradesh-S02,ARUNACHAL WEST-GEN,S02-1,223234,237980,160826,183297,6,1,77.26,174843,356421,Arunachal Pradesh,ARUNACHAL WEST,GEN,IN,26
Arunachal Pradesh-S02,ARUNACHAL EAST-GEN,S02-2,171222,165813,139963,142891,5,0,86.46,69948,288206,Arunachal Pradesh,ARUNACHAL EAST,GEN,IN,27
Assam-S03,Karimganj -SC,S03-1,696638,641349,556550,502069,14,0,79.1,38389,1053517,Assam,Karimganj,SC,IN,28
Assam-S03,Silchar-GEN,S03-2,613931,577283,485516,459284,11,2,79.42,81596,941149,Assam,Silchar,GEN,IN,29
Assam-S03,Autonomous District-ST,S03-3,404528,390551,312945,302927,5,0,77.61,239626,609541,Assam,Autonomous District,ST,IN,30
Assam-S03,Dhubri-GEN,S03-4,948971,907173,862010,820604,14,1,90.66,226258,1676027,Assam,Dhubri,GEN,IN,31
Assam-S03,Kokrajhar-ST,S03-5,900318,865066,751087,718477,8,1,83.29,37786,1463497,Assam,Kokrajhar,ST,IN,32
Assam-S03,Barpeta-GEN,S03-6,865300,811538,750196,702041,11,2,86.55,140307,1448815,Assam,Barpeta,GEN,IN,33
Assam-S03,Gauhati-GEN,S03-7,1100746,1077793,899023,862213,12,5,80.86,345606,1753291,Assam,Gauhati,GEN,IN,34
Assam-S03,Mangaldoi-GEN,S03-8,920977,874520,777107,724548,10,1,83.66,138545,1487589,Assam,Mangaldoi,GEN,IN,35
Assam-S03,Tezpur-GEN,S03-9,763599,731248,598677,587656,7,0,79.37,242841,1174570,Assam,Tezpur,GEN,IN,36
Assam-S03,Nowgong-GEN,S03-10,918386,872249,761620,728706,7,0,83.22,16752,1482718,Assam,Nowgong,GEN,IN,37
Assam-S03,Kaliabor-GEN,S03-11,883388,848176,728541,693125,7,0,82.12,209994,1408774,Assam,Kaliabor,GEN,IN,38
Assam-S03,Jorhat-GEN,S03-12,689038,671283,535678,518560,6,2,77.5,82653,1045396,Assam,Jorhat,GEN,IN,39
Assam-S03,Dibrugarh-GEN,S03-13,662634,649533,514418,499258,8,0,77.28,364566,994460,Assam,Dibrugarh,GEN,IN,40
Assam-S03,Lakhimpur-GEN,S03-14,866675,837730,651081,628945,11,0,75.15,350551,1268369,Assam,Lakhimpur,GEN,IN,41
Bihar-S04,Valmiki Nagar-GEN,S04-1,893428,770524,530289,499397,12,1,61.97,354616,997752,Bihar,Valmiki Nagar,GEN,IN,42
Bihar-S04,Paschim Champaran-GEN,S04-2,876758,754309,524330,483548,9,0,62,293906,967237,Bihar,Paschim Champaran,GEN,IN,43
Bihar-S04,Purvi Champaran-GEN,S04-3,881809,774609,502773,490037,21,1,60.25,293648,976694,Bihar,Purvi Champaran,GEN,IN,44
Bihar-S04,Sheohar-GEN,S04-4,895320,789406,500312,500529,17,1,59.57,340360,997542,Bihar,Sheohar,GEN,IN,45
Bihar-S04,Sitamarhi-GEN,S04-5,927085,823630,504721,529645,20,0,59.28,250539,1028531,Bihar,Sitamarhi,GEN,IN,46
Bihar-S04,Madhubani-GEN,S04-6,944657,846458,454516,507776,15,2,53.75,454940,958085,Bihar,Madhubani,GEN,IN,47
Bihar-S04,Jhanjharpur-GEN,S04-7,968797,881622,496451,562801,17,0,57.25,322951,1051359,Bihar,Jhanjharpur,GEN,IN,48
Bihar-S04,Supaul-GEN,S04-8,879230,810014,529157,580683,18,2,65.7,266853,1101462,Bihar,Supaul,GEN,IN,49
Bihar-S04,Araria-GEN,S04-9,949714,854807,575565,593532,11,1,64.78,137241,1149012,Bihar,Araria,GEN,IN,50
Bihar-S04,Kishanganj-GEN,S04-10,858904,800525,537374,563614,14,0,66.38,34466,1081881,Bihar,Kishanganj,GEN,IN,51
Bihar-S04,Katihar-GEN,S04-11,874742,777147,554254,562770,9,0,67.6,57203,1097150,Bihar,Katihar,GEN,IN,52
Bihar-S04,Purnia-GEN,S04-12,915126,848975,574694,578456,15,1,65.37,263461,1135371,Bihar,Purnia,GEN,IN,53
Bihar-S04,Madhepura-GEN,S04-13,974876,907763,552934,592789,13,0,60.87,301527,1108824,Bihar,Madhepura,GEN,IN,54
Bihar-S04,Darbhanga-GEN,S04-14,874949,778501,468623,493457,8,0,58.31,267979,944528,Bihar,Darbhanga,GEN,IN,55
Bihar-S04,Muzaffarpur-GEN,S04-15,920017,807730,532392,521572,20,2,61.14,409988,1048915,Bihar,Muzaffarpur,GEN,IN,56
Bihar-S04,Vaishali-GEN,S04-16,930061,803397,536923,535176,14,8,61.91,234584,1065513,Bihar,Vaishali,GEN,IN,57
Bihar-S04,Gopalganj (SC)-SC,S04-17,938734,898550,476256,539136,13,0,55.71,286434,973216,Bihar,Gopalganj (SC),SC,IN,58
Bihar-S04,Siwan-GEN,S04-18,938984,855346,471597,510554,15,4,54.73,116958,976324,Bihar,Siwan,GEN,IN,59
Bihar-S04,Maharajganj-GEN,S04-19,950889,849976,467023,501866,10,1,53.81,230772,950535,Bihar,Maharajganj,GEN,IN,60
Bihar-S04,Saran-GEN,S04-20,891660,770235,479986,458722,12,0,56.56,138411,914734,Bihar,Saran,GEN,IN,61
Bihar-S04,Hajipur (SC)-SC,S04-21,978961,839189,518835,485247,9,2,55.21,205449,981561,Bihar,Hajipur (SC),SC,IN,62
Bihar-S04,Ujiarpur-GEN,S04-22,858250,751176,478018,488760,17,1,60.12,277278,954850,Bihar,Ujiarpur,GEN,IN,63
Bihar-S04,Samastipur (SC)-SC,S04-23,890179,787449,496337,520796,10,1,60.69,251643,983608,Bihar,Samastipur (SC),SC,IN,64
Bihar-S04,Begusarai-GEN,S04-24,1039818,914604,603585,613828,10,0,62.58,422217,1205149,Bihar,Begusarai,GEN,IN,65
Bihar-S04,Khagaria-GEN,S04-25,882975,790342,467181,497927,18,2,57.67,248570,959217,Bihar,Khagaria,GEN,IN,66
Bihar-S04,Bhagalpur-GEN,S04-26,962350,856824,546334,493759,9,0,57.16,277630,1010951,Bihar,Bhagalpur,GEN,IN,67
Bihar-S04,Banka-GEN,S04-27,900736,795778,497999,496121,18,2,58.6,200532,989181,Bihar,Banka,GEN,IN,68
Bihar-S04,Munger-GEN,S04-28,1007651,872190,547935,483085,18,1,54.89,167937,1026526,Bihar,Munger,GEN,IN,69
Bihar-S04,Nalanda-GEN,S04-29,1118379,991283,559964,469057,32,3,48.76,256137,1022860,Bihar,Nalanda,GEN,IN,70
Bihar-S04,Patna Sahib-GEN,S04-30,1130795,1011936,548683,429918,15,3,45.77,284657,977209,Bihar,Patna Sahib,GEN,IN,71
Bihar-S04,Pataliputra-GEN,S04-31,1004864,913994,595000,478175,21,4,55.97,39321,1071173,Bihar,Pataliputra,GEN,IN,72
Bihar-S04,Arrah-GEN,S04-32,1133531,938782,607717,465201,11,0,51.72,147285,1058859,Bihar,Arrah,GEN,IN,73
Bihar-S04,Buxar-GEN,S04-33,961442,857613,543539,436752,15,0,53.95,117609,970414,Bihar,Buxar,GEN,IN,74
Bihar-S04,Sasaram (SC)-SC,S04-34,935244,848529,531450,437794,10,3,54.52,165745,955761,Bihar,Sasaram (SC),SC,IN,75
Bihar-S04,Karakat-GEN,S04-35,931442,833563,483732,380773,22,5,49.05,84542,846694,Bihar,Karakat,GEN,IN,76
Bihar-S04,Jahanabad-GEN,S04-36,822285,758237,443543,373430,11,2,51.75,1751,794382,Bihar,Jahanabad,GEN,IN,77
Bihar-S04,Aurangabad-GEN,S04-37,916759,822450,485950,446877,9,0,53.64,70552,912477,Bihar,Aurangabad,GEN,IN,78
Bihar-S04,Gaya (SC)-SC,S04-38,880201,820382,499260,455841,13,0,56.16,152426,927218,Bihar,Gaya (SC),SC,IN,79
Bihar-S04,Nawada-GEN,S04-39,985272,910920,482016,453338,11,2,49.61,148072,907315,Bihar,Nawada,GEN,IN,80
Bihar-S04,Jamui (SC)-SC,S04-40,908843,806970,479673,467631,8,1,55.22,241049,909641,Bihar,Jamui (SC),SC,IN,81
Goa-S05,North Goa-GEN,S05-1,272174,284425,209593,218000,5,1,76.99,80247,421565,Goa,North Goa,GEN,IN,82
Goa-S05,South Goa-GEN,S05-2,283546,295598,199877,223780,5,1,73.28,9755,419139,Goa,South Goa,GEN,IN,83
Gujarat-S06,Kachchh-SC,S06-1,908805,834994,550098,465094,8,2,58.66,305513,1004437,Gujarat,Kachchh,SC,IN,84
Gujarat-S06,Banaskantha-GEN,S06-2,889560,806548,614524,482443,11,3,64.93,368296,1089353,Gujarat,Banaskantha,GEN,IN,85
Gujarat-S06,Patan-GEN,S06-3,936817,868384,610449,509917,12,0,62.33,193879,1111929,Gujarat,Patan,GEN,IN,86
Gujarat-S06,Mahesana-GEN,S06-4,853191,794233,584781,492257,10,2,65.62,281519,1069871,Gujarat,Mahesana,GEN,IN,87
Gujarat-S06,Sabarkantha-GEN,S06-5,921440,875714,645239,562915,20,0,67.62,268986,1212250,Gujarat,Sabarkantha,GEN,IN,88
Gujarat-S06,Gandhinagar-GEN,S06-6,1003629,941373,689408,586038,16,1,65.99,557014,1269876,Gujarat,Gandhinagar,GEN,IN,89
Gujarat-S06,Ahmedabad East-GEN,S06-7,954040,855716,619676,489608,22,3,61.61,434330,1107359,Gujarat,Ahmedabad East,GEN,IN,90
Gujarat-S06,Ahmedabad West-SC,S06-8,851288,791403,544767,446929,12,1,60.67,321546,982305,Gujarat,Ahmedabad West,SC,IN,91
Gujarat-S06,Surendranagar-GEN,S06-9,969752,878093,598970,470272,31,0,58.27,277437,1068939,Gujarat,Surendranagar,GEN,IN,92
Gujarat-S06,Rajkot-GEN,S06-10,979666,904175,658951,530759,10,0,63.43,368407,1176953,Gujarat,Rajkot,GEN,IN,93
Gujarat-S06,Porbandar-GEN,S06-11,863957,796937,533165,410171,16,1,57.14,229823,942107,Gujarat,Porbandar,GEN,IN,94
Gujarat-S06,Jamnagar-GEN,S06-12,856745,799231,557825,446952,25,3,61.01,236804,1003166,Gujarat,Jamnagar,GEN,IN,95
Gujarat-S06,Junagadh-GEN,S06-13,847655,793851,542217,454800,12,0,61.16,150211,989144,Gujarat,Junagadh,GEN,IN,96
Gujarat-S06,Amreli-GEN,S06-14,843662,784290,495865,411648,12,0,55.83,201431,891600,Gujarat,Amreli,GEN,IN,97
Gujarat-S06,Bhavnagar-GEN,S06-15,919879,847120,567578,464533,8,2,58.89,329519,1024896,Gujarat,Bhavnagar,GEN,IN,98
Gujarat-S06,Anand-GEN,S06-16,854186,801026,602173,503504,10,0,66.95,197718,1090269,Gujarat,Anand,GEN,IN,99
Gujarat-S06,Kheda-GEN,S06-17,930077,872956,612434,481581,6,1,60.9,367145,1080356,Gujarat,Kheda,GEN,IN,100
Gujarat-S06,Panchmahal-GEN,S06-18,897112,846094,577870,498261,6,0,62.11,428541,1063543,Gujarat,Panchmahal,GEN,IN,101
Gujarat-S06,Dahod-ST,S06-19,802790,795060,543050,514433,7,0,66.49,127596,1031276,Gujarat,Dahod,ST,IN,102
Gujarat-S06,Vadodara-GEN,S06-20,922019,872107,647847,570017,11,2,68.1,589177,1205349,Gujarat,Vadodara,GEN,IN,103
Gujarat-S06,Chhota Udaipur-ST,S06-21,861722,808812,652896,573945,7,1,73.74,377943,1199591,Gujarat,Chhota Udaipur,ST,IN,104
Gujarat-S06,Bharuch-GEN,S06-22,804519,759612,606980,538517,17,0,73.49,334214,1143404,Gujarat,Bharuch,GEN,IN,105
Gujarat-S06,Bardoli-ST,S06-23,934536,891631,706293,637358,12,0,73.8,215447,1325124,Gujarat,Bardoli,ST,IN,106
Gujarat-S06,Surat-GEN,S06-24,891289,764300,593569,472777,10,3,64.53,548230,1057880,Gujarat,Surat,GEN,IN,107
Gujarat-S06,Navsari-GEN,S06-25,1076395,894986,713388,589682,22,3,66.34,689668,1298985,Gujarat,Navsari,GEN,IN,108
Gujarat-S06,Valsad-ST,S06-26,853027,817823,647087,609749,9,0,75.43,353797,1241070,Gujarat,Valsad,ST,IN,109
Haryana-S07,Ambala-SC,S07-1,984076,862632,707597,605795,17,1,71.01,342345,1308292,Haryana,Ambala,SC,IN,110
Haryana-S07,Kurukshetra-GEN,S07-2,877320,774313,654657,572801,21,3,74.23,384591,1227004,Haryana,Kurukshetra,GEN,IN,111
Haryana-S07,Sirsa-SC,S07-3,955719,844223,730867,636499,19,1,75.94,309918,1365147,Haryana,Sirsa,SC,IN,112
Haryana-S07,Hisar-GEN,S07-4,874295,749117,638294,536805,26,0,72.3,314068,1176912,Haryana,Hisar,GEN,IN,113
Haryana-S07,Karnal-GEN,S07-5,1014157,884691,706599,591424,16,0,68.31,656142,1295259,Haryana,Karnal,GEN,IN,114
Haryana-S07,Sonipat-GEN,S07-6,857003,725768,610957,512815,27,2,70.92,164864,1127068,Haryana,Sonipat,GEN,IN,115
Haryana-S07,Rohtak-GEN,S07-7,915983,798417,653164,556508,17,1,70.26,7503,1217570,Haryana,Rohtak,GEN,IN,116
Haryana-S07,Bhiwani-Mahendragarh-GEN,S07-8,863805,763514,608691,538446,19,2,70.19,444463,1159074,Haryana,Bhiwani-Mahendragarh,GEN,IN,117
Haryana-S07,Gurgaon-GEN,S07-9,1134912,1004827,775280,666146,24,0,67.26,386256,1441120,Haryana,Gurgaon,GEN,IN,118
Haryana-S07,Faridabad-GEN,S07-10,1136887,928711,741280,583185,26,1,64.06,638239,1322309,Haryana,Faridabad,GEN,IN,119
Himachal Pradesh-S08,Kangra-GEN,S08-1,705959,699519,470334,520805,10,1,70.55,477623,995662,Himachal Pradesh,Kangra,GEN,IN,120
Himachal Pradesh-S08,Mandi-GEN,S08-2,637567,630416,461030,469659,17,0,73.46,405459,936073,Himachal Pradesh,Mandi,GEN,IN,121
Himachal Pradesh-S08,Hamirpur-GEN,S08-3,667968,670041,458194,514168,11,0,72.58,399572,980739,Himachal Pradesh,Hamirpur,GEN,IN,122
Himachal Pradesh-S08,Shimla-SC,S08-4,645961,604636,475787,431773,6,0,72.56,327514,905250,Himachal Pradesh,Shimla,SC,IN,123
Jammu & Kashmir-S09,Baramulla-GEN,S09-1,676057,636059,250078,202036,9,0,34.57,30233,447437,Jammu & Kashmir,Baramulla,GEN,IN,124
Jammu & Kashmir-S09,Srinagar-GEN,S09-2,666864,627037,106916,79450,12,0,14.43,70050,185279,Jammu & Kashmir,Srinagar,GEN,IN,125
Jammu & Kashmir-S09,Anantnag-GEN,S09-3,720585,673118,71575,51274,16,2,8.94,6676,123972,Jammu & Kashmir,Anantnag,GEN,IN,126
Jammu & Kashmir-S09,Ladakh-GEN,S09-4,87690,86142,62035,61258,4,0,70.54,10930,125504,Jammu & Kashmir,Ladakh,GEN,IN,127
Jammu & Kashmir-S09,Udhampur-GEN,S09-5,876335,789126,610575,558519,11,1,70,357252,1172555,Jammu & Kashmir,Udhampur,GEN,IN,128
Jammu & Kashmir-S09,Jammu-GEN,S09-6,1040876,964838,758278,697010,24,0,72.23,302875,1476177,Jammu & Kashmir,Jammu,GEN,IN,129
Karnataka-S10,Chikkodi-GEN,S10-1,816958,787468,632366,579970,11,0,75.5,118877,1207187,Karnataka,Chikkodi,GEN,IN,130
Karnataka-S10,Belgaum-GEN,S10-2,890368,881406,625609,573504,53,4,67.73,391304,1201996,Karnataka,Belgaum,GEN,IN,131
Karnataka-S10,Bagalkot-GEN,S10-3,850381,850074,619749,580993,13,1,70.69,168187,1193285,Karnataka,Bagalkot,GEN,IN,132
Karnataka-S10,Bijapur-SC,S10-4,921258,874404,588408,520348,11,1,61.82,258038,1099068,Karnataka,Bijapur,SC,IN,133
Karnataka-S10,Gulbarga-SC,S10-5,980105,964845,610885,574754,12,0,61.13,95452,1178874,Karnataka,Gulbarga,SC,IN,134
Karnataka-S10,Raichur-ST,S10-6,955586,971805,575578,546569,5,0,58.31,117716,1109464,Karnataka,Raichur,ST,IN,135
Karnataka-S10,Bidar-GEN,S10-7,918595,855214,577170,536980,21,1,62.94,116834,1115219,Karnataka,Bidar,GEN,IN,136
Karnataka-S10,Koppal-GEN,S10-8,862466,873539,606297,581406,14,0,68.54,38397,1179534,Karnataka,Koppal,GEN,IN,137
Karnataka-S10,Bellary-ST,S10-9,870900,880165,621814,597246,11,0,69.76,55707,1212902,Karnataka,Bellary,ST,IN,138
Karnataka-S10,Haveri-GEN,S10-10,871259,835569,661429,601867,10,0,74.14,140882,1259267,Karnataka,Haveri,GEN,IN,139
Karnataka-S10,Dharwad-GEN,S10-11,875491,849758,640913,569597,18,1,70.25,205072,1209993,Karnataka,Dharwad,GEN,IN,140
Karnataka-S10,Uttara Kannada-GEN,S10-12,786411,766050,591099,559157,11,2,74.1,479649,1137463,Karnataka,Uttara Kannada,GEN,IN,141
Karnataka-S10,Davanagere-GEN,S10-13,822593,809744,617489,574795,25,0,73.15,169702,1191488,Karnataka,Davanagere,GEN,IN,142
Karnataka-S10,Shimoga-GEN,S10-14,831183,844743,641691,640582,12,0,76.56,223360,1276709,Karnataka,Shimoga,GEN,IN,143
Karnataka-S10,Udupi Chikmagalur-GEN,S10-15,738389,774623,563331,585784,11,1,76.03,349599,1143502,Karnataka,Udupi Chikmagalur,GEN,IN,144
Karnataka-S10,Hassan-GEN,S10-16,831698,819073,644500,629935,6,0,77.29,141324,1265890,Karnataka,Hassan,GEN,IN,145
Karnataka-S10,Dakshina Kannada-GEN,S10-17,845217,879018,653558,689629,13,0,77.97,274621,1337659,Karnataka,Dakshina Kannada,GEN,IN,146
Karnataka-S10,Chitradurga-SC,S10-18,889236,870772,639390,603639,19,0,70.77,80178,1241582,Karnataka,Chitradurga,SC,IN,147
Karnataka-S10,Tumkur-GEN,S10-19,803006,804874,630450,611065,13,2,77.39,13339,1234563,Karnataka,Tumkur,GEN,IN,148
Karnataka-S10,Mandya-GEN,S10-20,854753,856282,695384,680954,18,4,80.56,125876,1375684,Karnataka,Mandya,GEN,IN,149
Karnataka-S10,Mysore-GEN,S10-21,944585,949649,664932,647532,19,3,69.5,138647,1312695,Karnataka,Mysore,GEN,IN,150
Karnataka-S10,Chamarajanagar-SC,S10-22,842742,843167,646902,620802,10,0,75.35,1817,1257942,Karnataka,Chamarajanagar,SC,IN,151
Karnataka-S10,Bangalore Rural-GEN,S10-23,1287524,1209276,831105,789254,14,1,64.94,206870,1609452,Karnataka,Bangalore Rural,GEN,IN,152
Karnataka-S10,Bangalore North-GEN,S10-24,1481421,1366690,805444,750147,30,1,54.73,147518,1547827,Karnataka,Bangalore North,GEN,IN,153
Karnataka-S10,Bangalore central-GEN,S10-25,1145820,1058214,621875,572763,21,1,54.3,70968,1186474,Karnataka,Bangalore central,GEN,IN,154
Karnataka-S10,Bangalore South-GEN,S10-26,1153458,1061593,616311,568793,24,1,53.64,331192,1178553,Karnataka,Bangalore South,GEN,IN,155
Karnataka-S10,Chikkballapur-GEN,S10-27,910472,897681,706576,678457,12,3,76.68,182110,1378938,Karnataka,Chikkballapur,GEN,IN,156
Karnataka-S10,Kolar-SC,S10-28,816475,812149,642572,613779,14,0,77.21,210021,1244662,Karnataka,Kolar,SC,IN,157
Kerala-S11,Kasaragod-GEN,S11-1,651754,704213,507338,588600,9,0,80.65,40438,1095634,Kerala,Kasaragod,GEN,IN,158
Kerala-S11,Kannur-GEN,S11-2,590697,664543,484739,562999,8,5,83.21,94559,1050014,Kerala,Kannur,GEN,IN,159
Kerala-S11,Vadakara-GEN,S11-3,586699,668091,464900,574460,12,0,82.67,84663,1062204,Kerala,Vadakara,GEN,IN,160
Kerala-S11,Wayanad-GEN,S11-4,670255,684612,529017,560841,19,1,80.33,431770,1090042,Kerala,Wayanad,GEN,IN,161
Kerala-S11,Kozhikode-GEN,S11-5,633679,675817,511159,557674,13,1,81.65,85225,1072720,Kerala,Kozhikode,GEN,IN,162
Kerala-S11,Malappuram-GEN,S11-6,684475,679216,496251,536683,8,0,75.49,260153,1030138,Kerala,Malappuram,GEN,IN,163
Kerala-S11,Ponnani-GEN,S11-7,662055,683322,466320,549916,9,3,74.98,193273,1011034,Kerala,Ponnani,GEN,IN,164
Kerala-S11,Palakkad-GEN,S11-8,642339,675510,494457,531513,9,0,77.72,11637,1021584,Kerala,Palakkad,GEN,IN,165
Kerala-S11,Alathur -SC,S11-9,617906,645752,493218,522650,5,1,80.42,158968,1011021,Kerala,Alathur,SC,IN,166
Kerala-S11,Thrissur-GEN,S11-10,641271,693194,488577,551691,8,0,77.92,93633,1037616,Kerala,Thrissur,GEN,IN,167
Kerala-S11,Chalakudy-GEN,S11-11,597488,629983,482031,506846,11,2,80.49,132274,982646,Kerala,Chalakudy,GEN,IN,168
Kerala-S11,Ernakulam-GEN,S11-12,606425,637917,480105,485690,11,1,77.63,169153,961825,Kerala,Ernakulam,GEN,IN,169
Kerala-S11,Idukki-GEN,S11-13,597546,605061,466073,451489,7,1,76.34,171053,913980,Kerala,Idukki,GEN,IN,170
Kerala-S11,Kottayam-GEN,S11-14,589563,614889,456617,451084,7,0,75.44,106259,903148,Kerala,Kottayam,GEN,IN,171
Kerala-S11,Alappuzha-GEN,S11-15,651183,699219,519872,562454,11,1,80.25,10474,1082624,Kerala,Alappuzha,GEN,IN,172
Kerala-S11,Mavelikkara -SC,S11-16,614853,684532,449785,514082,9,1,74.23,61138,965281,Kerala,Mavelikkara,SC,IN,173
Kerala-S11,Pathanamthitta-GEN,S11-17,659716,716426,490901,531776,6,2,74.24,44243,1023201,Kerala,Pathanamthitta,GEN,IN,174
Kerala-S11,Kollam-GEN,S11-18,616081,675338,445672,515612,8,1,74.66,148856,962105,Kerala,Kollam,GEN,IN,175
Kerala-S11,Attingal-GEN,S11-19,628348,717208,458911,540333,16,3,74.4,38247,999203,Kerala,Attingal,GEN,IN,176
Kerala-S11,Thiruvananthapuram-GEN,S11-20,660165,706382,490233,513476,16,1,73.66,99989,1005600,Kerala,Thiruvananthapuram,GEN,IN,177
Madhya Pradesh-S12,MORENA-GEN,S12-1,990117,838480,646523,486232,23,2,61.89,113341,1135192,Madhya Pradesh,MORENA,GEN,IN,178
Madhya Pradesh-S12,BHIND-SC,S12-2,955813,796812,561487,393454,17,1,54.42,199885,956057,Madhya Pradesh,BHIND,SC,IN,179
Madhya Pradesh-S12,GWALIOR-GEN,S12-3,1074855,920798,621943,570556,16,2,59.78,146842,1190753,Madhya Pradesh,GWALIOR,GEN,IN,180
Madhya Pradesh-S12,GUNA-GEN,S12-4,888153,786479,658166,514437,12,1,70.32,125549,1166020,Madhya Pradesh,GUNA,GEN,IN,181
Madhya Pradesh-S12,SAGAR-GEN,S12-5,840435,741792,594998,440864,10,0,65.51,305542,1028442,Madhya Pradesh,SAGAR,GEN,IN,182
Madhya Pradesh-S12,TIKAMGARH-SC,S12-6,874211,771868,607602,487321,13,1,66.57,348059,1086113,Madhya Pradesh,TIKAMGARH,SC,IN,183
Madhya Pradesh-S12,DAMOH-GEN,S12-7,933204,834943,655175,508615,14,1,65.82,353411,1156570,Madhya Pradesh,DAMOH,GEN,IN,184
Madhya Pradesh-S12,KHAJURAHO-GEN,S12-8,969676,871369,681995,574761,15,2,68.28,492382,1247477,Madhya Pradesh,KHAJURAHO,GEN,IN,185
Madhya Pradesh-S12,SATNA-GEN,S12-9,828922,742571,586320,525591,20,1,70.71,231473,1111012,Madhya Pradesh,SATNA,GEN,IN,186
Madhya Pradesh-S12,REWA-GEN,S12-10,888069,784039,534294,475310,21,2,60.33,312808,1010360,Madhya Pradesh,REWA,GEN,IN,187
Madhya Pradesh-S12,SIDHI-GEN,S12-11,965014,878904,671661,609283,24,2,69.5,286524,1277078,Madhya Pradesh,SIDHI,GEN,IN,188
Madhya Pradesh-S12,SHAHDOL-ST,S12-12,847672,807860,640890,593874,8,5,74.73,403333,1217831,Madhya Pradesh,SHAHDOL,ST,IN,189
Madhya Pradesh-S12,JABALPUR-GEN,S12-13,940154,877879,673476,589120,21,1,69.43,454744,1259471,Madhya Pradesh,JABALPUR,GEN,IN,190
Madhya Pradesh-S12,MANDLA-ST,S12-14,982005,967877,770677,743270,9,1,77.76,97674,1485015,Madhya Pradesh,MANDLA,ST,IN,191
Madhya Pradesh-S12,BALAGHAT-GEN,S12-15,883852,882077,683773,683107,22,1,77.61,242066,1367776,Madhya Pradesh,BALAGHAT,GEN,IN,192
Madhya Pradesh-S12,CHHINDWARA-GEN,S12-16,771601,740750,643874,602327,14,0,82.39,37536,1227707,Madhya Pradesh,CHHINDWARA,GEN,IN,193
Madhya Pradesh-S12,HOSHANGABAD-GEN,S12-17,895775,807919,699824,564814,11,0,74.19,553682,1247456,Madhya Pradesh,HOSHANGABAD,GEN,IN,194
Madhya Pradesh-S12,VIDISHA-GEN,S12-18,918449,821954,695861,550527,12,1,71.79,503084,1241625,Madhya Pradesh,VIDISHA,GEN,IN,195
Madhya Pradesh-S12,BHOPAL-GEN,S12-19,1120072,1020807,761678,644492,23,7,65.7,364822,1402524,Madhya Pradesh,BHOPAL,GEN,IN,196
Madhya Pradesh-S12,RAJGARH-GEN,S12-20,879722,813241,701961,556087,10,1,74.39,431019,1249954,Madhya Pradesh,RAJGARH,GEN,IN,197
Madhya Pradesh-S12,DEWAS-SC,S12-21,911217,846209,760239,636493,6,0,79.46,372249,1389912,Madhya Pradesh,DEWAS,SC,IN,198
Madhya Pradesh-S12,UJJAIN-SC,S12-22,849252,810307,671867,578580,9,0,75.4,365637,1242314,Madhya Pradesh,UJJAIN,SC,IN,199
Madhya Pradesh-S12,MANDSOUR-GEN,S12-23,899200,859019,729015,639206,11,2,77.84,376734,1361236,Madhya Pradesh,MANDSOUR,GEN,IN,200
Madhya Pradesh-S12,RATLAM-ST,S12-24,929035,921549,721186,676258,9,0,75.66,90636,1365078,Madhya Pradesh,RATLAM,ST,IN,201
Madhya Pradesh-S12,DHAR-ST,S12-25,908291,876508,705191,637344,7,0,75.25,156029,1326203,Madhya Pradesh,DHAR,ST,IN,202
Madhya Pradesh-S12,INDORE-GEN,S12-26,1207362,1141925,876605,750081,19,1,69.31,547754,1624063,Madhya Pradesh,INDORE,GEN,IN,203
Madhya Pradesh-S12,KHARGONE-ST,S12-27,928780,905212,741129,684159,5,2,77.82,202510,1409184,Madhya Pradesh,KHARGONE,ST,IN,204
Madhya Pradesh-S12,KHANDWA-GEN,S12-28,982450,925862,774542,691781,10,1,76.9,273343,1452133,Madhya Pradesh,KHANDWA,GEN,IN,205
Madhya Pradesh-S12,BETUL-ST,S12-29,895090,839731,709766,646805,7,2,78.15,360241,1335070,Madhya Pradesh,BETUL,ST,IN,206
Maharashtra-S13,Nandurbar -ST,S13-1,943745,926350,663475,614513,9,2,68.5,95629,1259813,Maharashtra,Nandurbar,ST,IN,207
Maharashtra-S13,Dhule-GEN,S13-2,993907,910931,590252,489597,25,3,56.86,229243,1082563,Maharashtra,Dhule,GEN,IN,208
Maharashtra-S13,Jalgaon-GEN,S13-3,1008818,916470,584596,495967,13,1,56.35,411617,1077945,Maharashtra,Jalgaon,GEN,IN,209
Maharashtra-S13,Raver-GEN,S13-4,923627,849451,583456,505236,9,3,61.57,335882,1083755,Maharashtra,Raver,GEN,IN,210
Maharashtra-S13,Buldhana-GEN,S13-5,921633,837301,601170,516898,12,0,63.55,133287,1112678,Maharashtra,Buldhana,GEN,IN,211
Maharashtra-S13,Akola-GEN,S13-6,964311,897380,607024,509871,10,1,60.02,275596,1110574,Maharashtra,Akola,GEN,IN,212
Maharashtra-S13,Amravati -SC,S13-7,943444,887079,602099,502841,20,4,60.68,36951,1107063,Maharashtra,Amravati,SC,IN,213
Maharashtra-S13,Wardha-GEN,S13-8,893161,848712,573147,494005,13,1,61.53,187191,1066060,Maharashtra,Wardha,GEN,IN,214
Maharashtra-S13,Ramtek -SC,S13-9,996491,924551,638891,553537,13,3,62.24,126783,1184824,Maharashtra,Ramtek,SC,IN,215
Maharashtra-S13,Nagpur -GEN,S13-10,1096258,1063786,620371,561330,26,4,54.88,216009,1181473,Maharashtra,Nagpur,GEN,IN,216
Maharashtra-S13,Bhandara - gondiya-GEN,S13-11,905272,903460,627085,608475,13,1,68.72,197394,1234407,Maharashtra,Bhandara - gondiya,GEN,IN,217
Maharashtra-S13,Gadchiroli-Chimur-ST,S13-12,799747,780320,580321,557036,5,0,72.26,77526,1118099,Maharashtra,Gadchiroli-Chimur,ST,IN,218
Maharashtra-S13,Chandrapur-GEN,S13-13,986289,922241,652103,581678,13,0,64.84,44763,1227097,Maharashtra,Chandrapur,GEN,IN,219
Maharashtra-S13,Yavatmal-Washim-GEN,S13-14,993706,921047,622515,547460,21,3,61.28,117939,1170254,Maharashtra,Yavatmal-Washim,GEN,IN,220
Maharashtra-S13,Hingoli -GEN,S13-15,905216,827311,617418,534776,26,2,66.76,277856,1153274,Maharashtra,Hingoli,GEN,IN,221
Maharashtra-S13,Nanded-GEN,S13-16,891108,826659,594854,524389,14,0,65.69,40148,1123236,Maharashtra,Nanded,GEN,IN,222
Maharashtra-S13,Parbhani-GEN,S13-17,1032904,950989,676532,574979,16,1,63.11,42199,1248232,Maharashtra,Parbhani,GEN,IN,223
Maharashtra-S13,Jalna-GEN,S13-18,988513,876525,657947,545873,18,2,64.7,332815,1192502,Maharashtra,Jalna,GEN,IN,224
Maharashtra-S13,Aurangabad-GEN,S13-19,992583,892258,659019,537423,20,3,63.52,4492,1193292,Maharashtra,Aurangabad,GEN,IN,225
Maharashtra-S13,Dindori -ST,S13-20,901082,827558,628124,506627,7,1,65.65,198779,1128185,Maharashtra,Dindori,ST,IN,226
Maharashtra-S13,Nashik-GEN,S13-21,988888,893137,615905,502643,15,3,59.48,292204,1114252,Maharashtra,Nashik,GEN,IN,227
Maharashtra-S13,Palghar -ST,S13-22,988997,896189,641041,560121,11,1,63.74,88883,1172462,Maharashtra,Palghar,ST,IN,228
Maharashtra-S13,Bhiwandi-GEN,S13-23,1036702,852971,569800,432947,15,0,53.18,156329,988775,Maharashtra,Bhiwandi,GEN,IN,229
Maharashtra-S13,Kalyan-GEN,S13-24,1061340,903518,507052,380831,25,3,45.29,344343,877301,Maharashtra,Kalyan,GEN,IN,230
Maharashtra-S13,Thane-GEN,S13-25,1293620,1076553,647401,519722,21,2,49.37,412145,1150092,Maharashtra,Thane,GEN,IN,231
Maharashtra-S13,Mumbai North-GEN,S13-26,889895,756809,542095,445794,17,1,60.08,465247,977793,Maharashtra,Mumbai North,GEN,IN,232
Maharashtra-S13,Mumbai North West-GEN,S13-27,950284,781762,521861,418264,19,2,54.35,260328,923272,Maharashtra,Mumbai North West,GEN,IN,233
Maharashtra-S13,Mumbai North East-GEN,S13-28,864612,723536,503963,403222,20,7,57.22,226486,896527,Maharashtra,Mumbai North East,GEN,IN,234
Maharashtra-S13,Mumbai North central-GEN,S13-29,916638,763071,495920,404526,17,3,53.68,130005,891115,Maharashtra,Mumbai North central,GEN,IN,235
Maharashtra-S13,Mumbai South central-GEN,S13-30,777716,662335,432252,363195,15,2,55.35,152139,783416,Maharashtra,Mumbai South central,GEN,IN,236
Maharashtra-S13,Mumbai   South-GEN,S13-31,854121,699781,438484,361012,13,0,51.58,100067,786496,Maharashtra,Mumbai   South,GEN,IN,237
Maharashtra-S13,Raigad-GEN,S13-32,809343,842214,505067,515102,15,1,62.04,31438,1013977,Maharashtra,Raigad,GEN,IN,238
Maharashtra-S13,Maval-GEN,S13-33,1202913,1094453,743584,621926,19,2,59.57,215913,1353093,Maharashtra,Maval,GEN,IN,239
Maharashtra-S13,Pune-GEN,S13-34,1067587,1007372,550415,483397,30,1,49.87,324628,1024235,Maharashtra,Pune,GEN,IN,240
Maharashtra-S13,Baramati-GEN,S13-35,1110167,1002208,711804,587435,14,4,61.7,155774,1296860,Maharashtra,Baramati,GEN,IN,241
Maharashtra-S13,Shirur-GEN,S13-36,1144795,1028645,717962,572428,19,4,59.44,58483,1287066,Maharashtra,Shirur,GEN,IN,242
Maharashtra-S13,Ahmadnagar -GEN,S13-37,970629,883531,652845,539052,18,1,64.67,281474,1199725,Maharashtra,Ahmadnagar,GEN,IN,243
Maharashtra-S13,Shirdi-SC,S13-38,821468,762762,559147,463259,20,0,64.86,120195,1023968,Maharashtra,Shirdi,SC,IN,244
Maharashtra-S13,Beed-GEN,S13-39,1079344,961833,732331,616806,34,2,66.12,168368,1349899,Maharashtra,Beed,GEN,IN,245
Maharashtra-S13,Osmanabad-GEN,S13-40,1000898,885315,640975,553782,14,0,63.75,127566,1194706,Maharashtra,Osmanabad,GEN,IN,246
Maharashtra-S13,Latur -SC,S13-41,991949,891576,625060,545401,9,1,62.36,289111,1169978,Maharashtra,Latur,SC,IN,247
Maharashtra-S13,Solapur -SC,S13-42,963385,886561,586352,494896,12,1,58.57,158608,1078323,Maharashtra,Solapur,SC,IN,248
Maharashtra-S13,Madha-GEN,S13-43,999175,905658,657100,553629,29,2,63.7,85764,1212653,Maharashtra,Madha,GEN,IN,249
Maharashtra-S13,Sangli-GEN,S13-44,929236,873745,625663,553143,12,0,65.78,164352,1183373,Maharashtra,Sangli,GEN,IN,250
Maharashtra-S13,Satara-GEN,S13-45,935877,903092,578908,530348,9,0,60.34,126528,1106207,Maharashtra,Satara,GEN,IN,251
Maharashtra-S13,Ratnagiri - sindhudurg-GEN,S13-46,712000,742499,447687,449668,12,0,61.91,178322,887325,Maharashtra,Ratnagiri - sindhudurg,GEN,IN,252
Maharashtra-S13,Kolhapur-GEN,S13-47,957181,917143,693774,631630,14,1,70.77,270568,1322161,Maharashtra,Kolhapur,GEN,IN,253
Maharashtra-S13,Hatkanangle-GEN,S13-48,914362,858133,659956,586281,17,0,70.49,96039,1245103,Maharashtra,Hatkanangle,GEN,IN,254
Manipur-S14,Inner manipur-GEN,S14-1,447843,480751,353996,400564,11,0,81,17755,756687,Manipur,Inner manipur,GEN,IN,255
Manipur-S14,Outer manipur-ST,S14-2,495583,515022,414050,437781,8,0,83.95,73782,855254,Manipur,Outer manipur,ST,IN,256
Meghalaya-S15,Shillong-ST,S15-1,583985,611677,361013,421560,6,0,65.47,152433,779770,Meghalaya,Shillong,ST,IN,257
Meghalaya-S15,Tura -ST,S15-2,362263,353445,290477,292024,2,1,81.32,64030,576587,Meghalaya,Tura,ST,IN,258
Mizoram-S16,MIZORAM-ST,S16-1,383603,404169,244562,252218,5,1,63.05,8140,497112,Mizoram,MIZORAM,ST,IN,259
Nagaland-S17,Nagaland-GEN,S17-1,607859,598428,507247,494895,4,0,82.91,16344,1004293,Nagaland,Nagaland,GEN,IN,260
Odisha-S18,Bargarh-GEN,S18-1,816699,777856,641109,601959,6,0,78.18,63939,1233745,Odisha,Bargarh,GEN,IN,261
Odisha-S18,Sundargarh -ST,S18-2,764223,764639,546203,551465,6,2,71.83,223065,1086454,Odisha,Sundargarh,ST,IN,262
Odisha-S18,Sambalpur-GEN,S18-3,741878,724990,564201,556953,10,1,76.57,9162,1110999,Odisha,Sambalpur,GEN,IN,263
Odisha-S18,Keonjhar -ST,S18-4,760797,754709,585675,587849,7,1,77.56,66203,1157085,Odisha,Keonjhar,ST,IN,264
Odisha-S18,Mayurbhanj -ST,S18-5,741476,748666,561844,583667,6,2,77.04,25256,1129000,Odisha,Mayurbhanj,ST,IN,265
Odisha-S18,Balasore-GEN,S18-6,782762,747026,577810,576608,11,1,75.59,12956,1150435,Odisha,Balasore,GEN,IN,266
Odisha-S18,Bhadrak -SC,S18-7,859414,799297,599696,620167,4,4,73.73,28791,1218621,Odisha,Bhadrak,SC,IN,267
Odisha-S18,Jajpur -SC,S18-8,767456,705100,556801,529026,6,2,74.04,101693,1084923,Odisha,Jajpur,SC,IN,268
Odisha-S18,Dhenkanal-GEN,S18-9,783151,717736,582956,543693,8,1,75.21,35412,1120268,Odisha,Dhenkanal,GEN,IN,269
Odisha-S18,Bolangir-GEN,S18-10,900105,842728,667757,636288,7,1,74.91,19516,1290704,Odisha,Bolangir,GEN,IN,270
Odisha-S18,Kalahandi-GEN,S18-11,813638,796276,608823,614080,6,1,76.24,26814,1207093,Odisha,Kalahandi,GEN,IN,271
Odisha-S18,Nabarangpur -ST,S18-12,716313,744186,567769,589399,4,0,79.38,41634,1115118,Odisha,Nabarangpur,ST,IN,272
Odisha-S18,Kandhamal-GEN,S18-13,648220,639038,471069,468424,5,0,73.1,149216,928732,Odisha,Kandhamal,GEN,IN,273
Odisha-S18,Cuttack-GEN,S18-14,793189,722707,555577,501846,11,0,69.75,121201,1052254,Odisha,Cuttack,GEN,IN,274
Odisha-S18,Kendrapara -GEN,S18-15,893120,814874,625161,609709,7,0,72.37,153581,1231625,Odisha,Kendrapara,GEN,IN,275
Odisha-S18,Jagatsinghpur -SC,S18-16,856841,784015,634022,591593,6,3,74.79,271655,1223133,Odisha,Jagatsinghpur,SC,IN,276
Odisha-S18,Puri-GEN,S18-17,813147,746312,584072,548714,7,1,72.69,11714,1128403,Odisha,Puri,GEN,IN,277
Odisha-S18,Bhubaneswar-GEN,S18-18,906863,790274,534680,468962,12,2,59.14,23839,999059,Odisha,Bhubaneswar,GEN,IN,278
Odisha-S18,Aska-GEN,S18-19,815764,723228,502075,509462,6,2,65.79,204707,996518,Odisha,Aska,GEN,IN,279
Odisha-S18,Berhampur-GEN,S18-20,757916,741219,486468,500690,8,0,65.89,94844,975529,Odisha,Berhampur,GEN,IN,280
Odisha-S18,Koraput -ST,S18-21,685053,748539,517114,559207,6,1,75.3,3613,1043600,Odisha,Koraput,ST,IN,281
Punjab-S19,Gurdaspur-GEN,S19-1,827314,744986,560357,533048,15,0,69.2,82459,1094327,Punjab,Gurdaspur,GEN,IN,282
Punjab-S19,Amritsar-GEN,S19-2,794820,706025,466525,390128,29,1,57,99626,850750,Punjab,Amritsar,GEN,IN,283
Punjab-S19,Khadoor Sahib-GEN,S19-3,854212,770528,542158,498469,14,5,63.83,140573,1040902,Punjab,Khadoor Sahib,GEN,IN,284
Punjab-S19,Jalandhar-SC,S19-4,841811,773292,519019,499182,18,1,63.02,19491,1006674,Punjab,Jalandhar,SC,IN,285
Punjab-S19,Hoshiarpur-SC,S19-5,814396,765056,485078,496757,8,0,62.02,48530,977923,Punjab,Hoshiarpur,SC,IN,286
Punjab-S19,Anandpur Sahib-GEN,S19-6,880571,809059,553129,524355,21,5,63.67,46884,1064592,Punjab,Anandpur Sahib,GEN,IN,287
Punjab-S19,Ludhiana-GEN,S19-7,901283,779554,576920,467949,22,0,62.2,76372,1036417,Punjab,Ludhiana,GEN,IN,288
Punjab-S19,Fatehgarh Sahib-SC,S19-8,794407,702976,534374,449101,19,1,65.6,93898,972903,Punjab,Fatehgarh Sahib,SC,IN,289
Punjab-S19,Faridkot-SC,S19-9,812117,723523,524950,446044,17,3,63.23,83256,955701,Punjab,Faridkot,SC,IN,290
Punjab-S19,Firozpur-GEN,S19-10,858498,755291,625836,540872,22,0,72.42,198850,1157142,Punjab,Firozpur,GEN,IN,291
Punjab-S19,Bathinda-GEN,S19-11,853494,760089,639645,556155,23,4,74.05,21772,1187487,Punjab,Bathinda,GEN,IN,292
Punjab-S19,Sangrur-GEN,S19-12,807270,714421,595750,506594,22,3,72.31,110211,1099398,Punjab,Sangrur,GEN,IN,293
Punjab-S19,Patiala-GEN,S19-13,909380,824754,632621,542886,23,2,67.71,162718,1166793,Punjab,Patiala,GEN,IN,294
Rajasthan-S20,Ganganagar-SC,S20-1,1016051,925579,763551,680832,9,0,74.7,406978,1436222,Rajasthan,Ganganagar,SC,IN,295
Rajasthan-S20,Bikaner (SC)-SC,S20-2,976006,873411,613781,481912,9,0,59.39,264081,1086088,Rajasthan,Bikaner (SC),SC,IN,296
Rajasthan-S20,Churu-GEN,S20-3,1053441,957018,687931,632219,10,2,65.79,334402,1318444,Rajasthan,Churu,GEN,IN,297
Rajasthan-S20,Jhunjhunu-GEN,S20-4,995076,913810,601852,578034,12,0,61.87,302547,1190430,Rajasthan,Jhunjhunu,GEN,IN,298
Rajasthan-S20,Sikar-GEN,S20-5,1060756,964070,667944,643401,11,1,65,297156,1319153,Rajasthan,Sikar,GEN,IN,299
Rajasthan-S20,Jaipur Rural-GEN,S20-6,1022367,921101,675930,587365,7,1,65.39,393171,1267342,Rajasthan,Jaipur Rural,GEN,IN,300
Rajasthan-S20,Jaipur-GEN,S20-7,1118238,1007352,784372,663540,20,4,68.47,430626,1449882,Rajasthan,Jaipur,GEN,IN,301
Rajasthan-S20,Alwar-GEN,S20-8,987860,885745,673164,579086,11,0,67.02,329971,1260289,Rajasthan,Alwar,GEN,IN,302
Rajasthan-S20,BHARATPUR-SC,S20-9,1031947,902218,620165,517998,7,1,59,318399,1141159,Rajasthan,BHARATPUR,SC,IN,303
Rajasthan-S20,KARAULI-DHOLPUR-SC,S20-10,971424,834217,554132,440287,5,0,55.12,97682,990725,Rajasthan,KARAULI-DHOLPUR,SC,IN,304
Rajasthan-S20,Dausa-ST,S20-11,912009,814365,573319,483328,6,5,61.43,78444,1055440,Rajasthan,Dausa,ST,IN,305
Rajasthan-S20,TONK-SAWAI MADHOPUR-GEN,S20-12,1021913,921754,663862,564693,7,1,63.38,111291,1224484,Rajasthan,TONK-SAWAI MADHOPUR,GEN,IN,306
Rajasthan-S20,Ajmer-GEN,S20-13,954234,918560,652041,604830,6,1,67.27,416424,1252636,Rajasthan,Ajmer,GEN,IN,307
Rajasthan-S20,Nagaur-GEN,S20-14,1000581,923978,618537,577497,11,2,62.24,181260,1190075,Rajasthan,Nagaur,GEN,IN,308
Rajasthan-S20,Pali-GEN,S20-15,1123092,1033664,686790,658426,8,0,62.91,481597,1344619,Rajasthan,Pali,GEN,IN,309
Rajasthan-S20,Jodhpur-GEN,S20-16,1021155,930212,711435,623543,8,2,68.8,274440,1334555,Rajasthan,Jodhpur,GEN,IN,310
Rajasthan-S20,Barmer-GEN,S20-17,1031188,907818,746375,671560,7,0,73.27,323808,1403275,Rajasthan,Barmer,GEN,IN,311
Rajasthan-S20,Jalore-GEN,S20-18,1089206,981680,699922,660874,14,1,65.74,261110,1343905,Rajasthan,Jalore,GEN,IN,312
Rajasthan-S20,Udaipur-ST,S20-19,1049229,1020038,722674,725529,9,0,70.28,437914,1426339,Rajasthan,Udaipur,ST,IN,313
Rajasthan-S20,Banswara-ST,S20-20,996762,978429,704324,733142,5,0,72.88,305464,1409709,Rajasthan,Banswara,ST,IN,314
Rajasthan-S20,Chittorgarh-GEN,S20-21,1017359,997999,755697,698787,9,1,72.36,576247,1441232,Rajasthan,Chittorgarh,GEN,IN,315
Rajasthan-S20,Rajsamand-GEN,S20-22,980556,928770,620927,613083,9,1,64.81,551916,1227174,Rajasthan,Rajsamand,GEN,IN,316
Rajasthan-S20,Bhilwara-GEN,S20-23,1014642,981203,666299,641037,4,0,65.61,612000,1293095,Rajasthan,Bhilwara,GEN,IN,317
Rajasthan-S20,Kota-GEN,S20-24,1005844,941385,722450,637676,15,0,70.18,279677,1354445,Rajasthan,Kota,GEN,IN,318
Rajasthan-S20,JHALAWAR-BARAN-GEN,S20-25,976262,927185,732783,636485,7,0,71.95,453928,1352788,Rajasthan,JHALAWAR-BARAN,GEN,IN,319
Sikkim-S21,Sikkim-GEN,S21-1,220306,212000,173235,166645,10,1,81.02,12433,349467,Sikkim,Sikkim,GEN,IN,320
Tamil Nadu-S22,Thiruvallur -SC,S22-1,961833,984029,711490,691821,18,2,72.33,356955,1389914,Tamil Nadu,Thiruvallur,SC,IN,321
Tamil Nadu-S22,Chennai North-GEN,S22-2,728672,758324,477845,474835,22,1,64.23,461518,939858,Tamil Nadu,Chennai North,GEN,IN,322
Tamil Nadu-S22,Chennai South-GEN,S22-3,979352,993402,567542,555856,33,6,57.05,262223,1108966,Tamil Nadu,Chennai South,GEN,IN,323
Tamil Nadu-S22,Chennai central-GEN,S22-4,660370,671308,399357,383273,27,4,58.95,301520,771628,Tamil Nadu,Chennai central,GEN,IN,324
Tamil Nadu-S22,Sriperumbudur-GEN,S22-5,1122663,1129954,717038,686116,18,1,62.43,507955,1383439,Tamil Nadu,Sriperumbudur,GEN,IN,325
Tamil Nadu-S22,Kancheepuram -SC,S22-6,805927,837547,623089,609297,8,3,75.28,286632,1215951,Tamil Nadu,Kancheepuram,SC,IN,326
Tamil Nadu-S22,Arakkonam-GEN,S22-7,731256,763587,580530,589120,18,1,78.54,328956,1165881,Tamil Nadu,Arakkonam,GEN,IN,327
Tamil Nadu-S22,Vellore-GEN,S22-8,701315,731098,503311,521692,26,2,71.32,8141,1016638,Tamil Nadu,Vellore,GEN,IN,328
Tamil Nadu-S22,Krishnagiri-GEN,S22-9,772614,753498,588058,569700,14,1,75.89,156765,1141544,Tamil Nadu,Krishnagiri,GEN,IN,329
Tamil Nadu-S22,Dharmapuri-GEN,S22-10,755322,728574,617619,594650,14,1,82.33,70753,1209826,Tamil Nadu,Dharmapuri,GEN,IN,330
Tamil Nadu-S22,Tiruvannamalai-GEN,S22-11,727122,742988,565142,579380,25,0,78.14,304187,1139412,Tamil Nadu,Tiruvannamalai,GEN,IN,331
Tamil Nadu-S22,Arani-GEN,S22-12,714407,731293,566134,571075,14,1,78.94,230806,1126986,Tamil Nadu,Arani,GEN,IN,332
Tamil Nadu-S22,Viluppuram-SC,S22-13,720769,722481,564557,566199,11,2,78.62,128068,1123597,Tamil Nadu,Viluppuram,SC,IN,333
Tamil Nadu-S22,Kallakurichi-GEN,S22-14,757882,770478,580683,617701,23,1,78.77,399919,1192799,Tamil Nadu,Kallakurichi,GEN,IN,334
Tamil Nadu-S22,Salem-GEN,S22-15,809738,802128,639561,610150,21,1,77.86,146926,1238329,Tamil Nadu,Salem,GEN,IN,335
Tamil Nadu-S22,Namakkal-GEN,S22-16,695237,717887,555962,573885,29,0,80.2,265151,1118701,Tamil Nadu,Namakkal,GEN,IN,336
Tamil Nadu-S22,Erode-GEN,S22-17,715588,746351,529075,532968,17,3,73.03,210618,1053068,Tamil Nadu,Erode,GEN,IN,337
Tamil Nadu-S22,Tiruppur-GEN,S22-18,762929,766765,566137,549529,12,0,73.17,93368,1097723,Tamil Nadu,Tiruppur,GEN,IN,338
Tamil Nadu-S22,Nilgiris -SC,S22-19,665318,700197,499957,507807,10,0,73.99,205823,992570,Tamil Nadu,Nilgiris,SC,IN,339
Tamil Nadu-S22,Coimbatore-GEN,S22-20,978134,980191,634627,610981,14,0,63.86,179143,1227695,Tamil Nadu,Coimbatore,GEN,IN,340
Tamil Nadu-S22,Pollachi-GEN,S22-21,745604,774484,536887,540497,12,2,71.15,175883,1066765,Tamil Nadu,Pollachi,GEN,IN,341
Tamil Nadu-S22,Dindigul-GEN,S22-22,753493,786839,568983,586609,21,0,75.24,538972,1145869,Tamil Nadu,Dindigul,GEN,IN,342
Tamil Nadu-S22,Karur-GEN,S22-23,678369,708196,532989,564924,38,4,79.52,420546,1093562,Tamil Nadu,Karur,GEN,IN,343
Tamil Nadu-S22,Tiruchirappalli-GEN,S22-24,739224,768938,513314,527326,22,2,69.46,459286,1033625,Tamil Nadu,Tiruchirappalli,GEN,IN,344
Tamil Nadu-S22,Perambalur-GEN,S22-25,678451,712477,524468,570254,17,2,79.23,403518,1091442,Tamil Nadu,Perambalur,GEN,IN,345
Tamil Nadu-S22,Cuddalore -GEN,S22-26,673636,689896,505581,533135,20,1,76.48,143983,1034477,Tamil Nadu,Cuddalore,GEN,IN,346
Tamil Nadu-S22,Chidambaram -SC,S22-27,736654,742394,553860,595522,11,2,77.91,3219,1137657,Tamil Nadu,Chidambaram,SC,IN,347
Tamil Nadu-S22,Mayiladuthurai-GEN,S22-28,734747,749533,529933,562966,26,1,73.9,261314,1089012,Tamil Nadu,Mayiladuthurai,GEN,IN,348
Tamil Nadu-S22,Nagapattinam -SC,S22-29,642854,660156,476344,521489,11,4,76.88,211353,992745,Tamil Nadu,Nagapattinam,SC,IN,349
Tamil Nadu-S22,Thanjavur-GEN,S22-30,710944,749199,495980,556575,11,1,72.5,368129,1044118,Tamil Nadu,Thanjavur,GEN,IN,350
Tamil Nadu-S22,Sivaganga-GEN,S22-31,765805,784512,495947,585207,24,2,69.87,332244,1075185,Tamil Nadu,Sivaganga,GEN,IN,351
Tamil Nadu-S22,Madurai-GEN,S22-32,757900,780137,500312,511142,24,3,66.02,139395,999839,Tamil Nadu,Madurai,GEN,IN,352
Tamil Nadu-S22,Theni -GEN,S22-33,768555,785306,571213,596677,29,1,75.17,76693,1162803,Tamil Nadu,Theni,GEN,IN,353
Tamil Nadu-S22,Virudhunagar-GEN,S22-34,724091,756375,520544,544786,27,1,72.41,154554,1057443,Tamil Nadu,Virudhunagar,GEN,IN,354
Tamil Nadu-S22,Ramanathapuram-GEN,S22-35,775765,782063,491515,569601,22,1,68.35,127122,1058551,Tamil Nadu,Ramanathapuram,GEN,IN,355
Tamil Nadu-S22,Thoothukkudi-GEN,S22-36,700366,724910,478152,507621,34,3,69.43,347209,982029,Tamil Nadu,Thoothukkudi,GEN,IN,356
Tamil Nadu-S22,Tenkasi -SC,S22-37,732490,756376,506970,548621,21,4,71.37,120767,1051032,Tamil Nadu,Tenkasi,SC,IN,357
Tamil Nadu-S22,Tirunelveli-GEN,S22-38,758331,787813,499295,533224,23,3,67.21,185720,1029382,Tamil Nadu,Tirunelveli,GEN,IN,358
Tamil Nadu-S22,Kanniyakumari-GEN,S22-39,753110,740055,510999,531602,15,0,69.83,259933,1042246,Tamil Nadu,Kanniyakumari,GEN,IN,359
Tripura-S23,Tripura West-GEN,S23-1,682053,665318,559005,542353,12,1,81.88,305689,1095795,Tripura,Tripura West,GEN,IN,360
Tripura-S23,Tripura East-ST,S23-2,637649,620291,529358,511554,8,2,82.85,204290,1034203,Tripura,Tripura East,ST,IN,361
Uttar Pradesh-S24,Saharanpur-GEN,S24-1,928665,808134,663829,565077,9,2,70.83,22417,1227462,Uttar Pradesh,Saharanpur,GEN,IN,362
Uttar Pradesh-S24,Kairana-GEN,S24-2,895685,766185,606832,514021,10,3,67.44,92160,1120505,Uttar Pradesh,Kairana,GEN,IN,363
Uttar Pradesh-S24,Muzaffarnagar-GEN,S24-3,915804,776398,624979,529210,10,0,68.32,6526,1154961,Uttar Pradesh,Muzaffarnagar,GEN,IN,364
Uttar Pradesh-S24,Bijnor-GEN,S24-4,891409,768170,585728,510581,13,0,66.15,69941,1096359,Uttar Pradesh,Bijnor,GEN,IN,365
Uttar Pradesh-S24,Nagina-SC,S24-5,841912,742139,515070,490879,6,1,63.64,166832,1002928,Uttar Pradesh,Nagina,SC,IN,366
Uttar Pradesh-S24,Moradabad-GEN,S24-6,1046205,909872,691615,588042,13,0,65.45,97878,1276449,Uttar Pradesh,Moradabad,GEN,IN,367
Uttar Pradesh-S24,Rampur-GEN,S24-7,901268,776744,565546,494611,8,3,63.17,109997,1054344,Uttar Pradesh,Rampur,GEN,IN,368
Uttar Pradesh-S24,Sambhal-GEN,S24-8,984671,843063,645902,536303,11,1,64.71,174826,1176239,Uttar Pradesh,Sambhal,GEN,IN,369
Uttar Pradesh-S24,Amroha-GEN,S24-9,873485,769654,616570,550735,10,0,71.01,63248,1162565,Uttar Pradesh,Amroha,GEN,IN,370
Uttar Pradesh-S24,Meerut-GEN,S24-10,1029220,859023,673088,538984,9,2,64.26,4729,1210097,Uttar Pradesh,Meerut,GEN,IN,371
Uttar Pradesh-S24,Baghpat-GEN,S24-11,886345,718824,581282,455777,12,1,64.64,23502,1039853,Uttar Pradesh,Baghpat,GEN,IN,372
Uttar Pradesh-S24,Ghaziabad-GEN,S24-12,1517276,1208747,854916,666970,10,2,55.86,501500,1516961,Uttar Pradesh,Ghaziabad,GEN,IN,373
Uttar Pradesh-S24,Gautam Buddha Nagar-GEN,S24-13,1263065,1034280,773558,616093,13,0,60.49,336922,1384581,Uttar Pradesh,Gautam Buddha Nagar,GEN,IN,374
Uttar Pradesh-S24,Bulandshahr-SC,S24-14,947675,834691,584669,533764,7,2,62.85,290057,1117910,Uttar Pradesh,Bulandshahr,SC,IN,375
Uttar Pradesh-S24,Aligarh-GEN,S24-15,1007199,874731,625385,530640,12,2,61.64,229261,1156916,Uttar Pradesh,Aligarh,GEN,IN,376
Uttar Pradesh-S24,Hathras-SC,S24-16,1002813,854317,621305,522728,8,0,61.7,260208,1141726,Uttar Pradesh,Hathras,SC,IN,377
Uttar Pradesh-S24,Mathura-GEN,S24-17,975843,823276,611218,486892,12,1,61,293471,1096931,Uttar Pradesh,Mathura,GEN,IN,378
Uttar Pradesh-S24,Agra-SC,S24-18,1054895,879857,644571,496879,7,2,59.11,211546,1139506,Uttar Pradesh,Agra,SC,IN,379
Uttar Pradesh-S24,Fatehpur Sikri-GEN,S24-19,933035,777839,580669,450331,13,2,60.34,495065,1026459,Uttar Pradesh,Fatehpur Sikri,GEN,IN,380
Uttar Pradesh-S24,Firozabad-GEN,S24-20,959567,825919,592593,479885,6,0,60.09,28781,1069190,Uttar Pradesh,Firozabad,GEN,IN,381
Uttar Pradesh-S24,Mainpuri-GEN,S24-21,927003,788932,543014,429681,12,0,56.67,94389,969807,Uttar Pradesh,Mainpuri,GEN,IN,382
Uttar Pradesh-S24,Etah-GEN,S24-22,875551,742365,536075,461773,13,1,61.65,122670,993330,Uttar Pradesh,Etah,GEN,IN,383
Uttar Pradesh-S24,Badaun-GEN,S24-23,1025789,864244,592408,486684,8,1,57.15,18454,1072502,Uttar Pradesh,Badaun,GEN,IN,384
Uttar Pradesh-S24,Aonla-GEN,S24-24,975553,808152,580835,469654,11,3,58.96,113743,1043597,Uttar Pradesh,Aonla,GEN,IN,385
Uttar Pradesh-S24,Bareilly-GEN,S24-25,978196,817769,589861,475904,13,3,59.43,167282,1064518,Uttar Pradesh,Bareilly,GEN,IN,386
Uttar Pradesh-S24,Pilibhit-GEN,S24-26,946831,812316,639291,543594,10,3,67.37,255627,1176616,Uttar Pradesh,Pilibhit,GEN,IN,387
Uttar Pradesh-S24,Shahjahanpur-SC,S24-27,1156851,955852,664430,515538,14,0,56.1,268418,1177120,Uttar Pradesh,Shahjahanpur,SC,IN,388
Uttar Pradesh-S24,Kheri-GEN,S24-28,946217,823637,623854,512343,12,2,64.19,218807,1127910,Uttar Pradesh,Kheri,GEN,IN,389
Uttar Pradesh-S24,Dhaurahra-GEN,S24-29,884143,759918,598573,464597,5,3,64.68,160611,1053042,Uttar Pradesh,Dhaurahra,GEN,IN,390
Uttar Pradesh-S24,Sitapur-GEN,S24-30,889879,775797,585694,477676,9,3,63.89,100833,1055648,Uttar Pradesh,Sitapur,GEN,IN,391
Uttar Pradesh-S24,Hardoi-SC,S24-31,980264,825787,587977,467415,10,1,58.52,132474,1046534,Uttar Pradesh,Hardoi,SC,IN,392
Uttar Pradesh-S24,Misrikh-SC,S24-32,974090,821404,572540,452522,10,3,57.13,100672,1016487,Uttar Pradesh,Misrikh,SC,IN,393
Uttar Pradesh-S24,Unnao-GEN,S24-33,1198903,989558,677560,557981,8,1,56.45,400956,1225886,Uttar Pradesh,Unnao,GEN,IN,394
Uttar Pradesh-S24,Mohanlalganj-SC,S24-34,1080559,940239,700199,563737,10,2,62.74,90204,1258799,Uttar Pradesh,Mohanlalganj,SC,IN,395
Uttar Pradesh-S24,Lucknow-GEN,S24-35,1094855,943588,609359,497732,14,1,54.72,347302,1109029,Uttar Pradesh,Lucknow,GEN,IN,396
Uttar Pradesh-S24,Rae Bareli-GEN,S24-36,891978,805874,486873,468447,13,2,56.31,167178,948304,Uttar Pradesh,Rae Bareli,GEN,IN,397
Uttar Pradesh-S24,Amethi-GEN,S24-37,922173,818720,479441,461540,25,2,54.05,55120,938513,Uttar Pradesh,Amethi,GEN,IN,398
Uttar Pradesh-S24,Sultanpur-GEN,S24-38,926205,845973,499120,499917,11,4,56.35,14526,990545,Uttar Pradesh,Sultanpur,GEN,IN,399
Uttar Pradesh-S24,Pratapgarh-GEN,S24-39,913360,792068,460484,449531,7,1,53.53,117752,902506,Uttar Pradesh,Pratapgarh,GEN,IN,400
Uttar Pradesh-S24,Farrukhabad-GEN,S24-40,925144,778705,551171,449196,9,0,58.7,221702,995516,Uttar Pradesh,Farrukhabad,GEN,IN,401
Uttar Pradesh-S24,Etawah-SC,S24-41,951467,800830,558464,464983,10,3,58.47,64437,1022205,Uttar Pradesh,Etawah,SC,IN,402
Uttar Pradesh-S24,Kannauj-GEN,S24-42,1021649,848633,622274,514822,8,2,60.83,12353,1132331,Uttar Pradesh,Kannauj,GEN,IN,403
Uttar Pradesh-S24,Kanpur-GEN,S24-43,892279,738887,475353,362893,11,3,51.62,155934,838937,Uttar Pradesh,Kanpur,GEN,IN,404
Uttar Pradesh-S24,Akbarpur-GEN,S24-44,959008,800787,572760,446366,13,1,58.05,275142,1017320,Uttar Pradesh,Akbarpur,GEN,IN,405
Uttar Pradesh-S24,Jalaun-SC,S24-45,1046199,882855,620288,506493,5,0,58.45,158377,1117441,Uttar Pradesh,Jalaun,SC,IN,406
Uttar Pradesh-S24,Jhansi-GEN,S24-46,1079122,960554,745494,633910,9,2,67.67,365683,1362651,Uttar Pradesh,Jhansi,GEN,IN,407
Uttar Pradesh-S24,Hamirpur-GEN,S24-47,952225,795139,590920,496952,14,0,62.31,248652,1074623,Uttar Pradesh,Hamirpur,GEN,IN,408
Uttar Pradesh-S24,Banda-GEN,S24-48,925457,774889,551269,481995,7,1,60.78,58938,1015299,Uttar Pradesh,Banda,GEN,IN,409
Uttar Pradesh-S24,Fatehpur-GEN,S24-49,995197,839996,552984,486248,9,1,56.74,198205,1028963,Uttar Pradesh,Fatehpur,GEN,IN,410
Uttar Pradesh-S24,Kaushambi-SC,S24-50,958039,825984,507213,464469,12,0,54.53,38722,959669,Uttar Pradesh,Kaushambi,SC,IN,411
Uttar Pradesh-S24,Phulpur-GEN,S24-51,1098395,907619,538435,435879,12,2,48.66,171968,970354,Uttar Pradesh,Phulpur,GEN,IN,412
Uttar Pradesh-S24,Allahabad-GEN,S24-52,937849,775769,494017,392794,12,1,51.8,184275,881431,Uttar Pradesh,Allahabad,GEN,IN,413
Uttar Pradesh-S24,Barabanki-SC,S24-53,969369,846679,637599,517214,7,6,63.59,110140,1146556,Uttar Pradesh,Barabanki,SC,IN,414
Uttar Pradesh-S24,Faizabad-GEN,S24-54,972239,847761,571394,514352,11,2,59.67,65477,1077733,Uttar Pradesh,Faizabad,GEN,IN,415
Uttar Pradesh-S24,Ambedkar Nagar-GEN,S24-55,955646,827645,556597,531868,10,1,61.05,95880,1078808,Uttar Pradesh,Ambedkar Nagar,GEN,IN,416
Uttar Pradesh-S24,Bahraich-SC,S24-56,919292,809970,528086,460816,8,2,57.22,128752,976659,Uttar Pradesh,Bahraich,SC,IN,417
Uttar Pradesh-S24,Kaiserganj-GEN,S24-57,967352,837317,522251,457572,11,1,54.34,261601,968232,Uttar Pradesh,Kaiserganj,GEN,IN,418
Uttar Pradesh-S24,Shrawasti-GEN,S24-58,1037727,876642,548122,448359,10,0,52.07,5320,979899,Uttar Pradesh,Shrawasti,GEN,IN,419
Uttar Pradesh-S24,Gonda-GEN,S24-59,961860,807642,490088,432094,14,1,52.19,166360,915398,Uttar Pradesh,Gonda,GEN,IN,420
Uttar Pradesh-S24,Domariyaganj-GEN,S24-60,1017715,867305,489185,495930,10,0,52.26,105321,973512,Uttar Pradesh,Domariyaganj,GEN,IN,421
Uttar Pradesh-S24,Basti-GEN,S24-61,995886,847394,537937,510947,11,0,57.15,30354,1044204,Uttar Pradesh,Basti,GEN,IN,422
Uttar Pradesh-S24,Sant Kabir Nagar-GEN,S24-62,1062862,896078,527427,533378,7,0,54.17,35749,1050759,Uttar Pradesh,Sant Kabir Nagar,GEN,IN,423
Uttar Pradesh-S24,Maharajganj-GEN,S24-63,1021199,891448,607060,618619,13,1,64.06,340424,1216438,Uttar Pradesh,Maharajganj,GEN,IN,424
Uttar Pradesh-S24,Gorakhpur-GEN,S24-64,1081325,895300,627713,553509,10,0,59.79,301664,1176947,Uttar Pradesh,Gorakhpur,GEN,IN,425
Uttar Pradesh-S24,Kushi Nagar-GEN,S24-65,952174,807660,526776,522399,12,1,59.78,337560,1044820,Uttar Pradesh,Kushi Nagar,GEN,IN,426
Uttar Pradesh-S24,Deoria-GEN,S24-66,954367,796570,506109,502783,11,0,57.88,249931,1001942,Uttar Pradesh,Deoria,GEN,IN,427
Uttar Pradesh-S24,Bansgaon-SC,S24-67,956777,789649,482600,482462,4,0,55.34,153468,955043,Uttar Pradesh,Bansgaon,SC,IN,428
Uttar Pradesh-S24,Lalganj-SC,S24-68,933391,816470,468375,489947,13,2,54.83,161597,955508,Uttar Pradesh,Lalganj,SC,IN,429
Uttar Pradesh-S24,Azamgarh-GEN,S24-69,969949,815606,523819,501829,15,0,57.52,259874,1021857,Uttar Pradesh,Azamgarh,GEN,IN,430
Uttar Pradesh-S24,Ghosi-GEN,S24-70,1067103,918014,589077,548040,14,1,57.28,122568,1135457,Uttar Pradesh,Ghosi,GEN,IN,431
Uttar Pradesh-S24,Salempur-GEN,S24-71,903036,756973,469667,446144,14,1,55.33,112615,914709,Uttar Pradesh,Salempur,GEN,IN,432
Uttar Pradesh-S24,Ballia-GEN,S24-72,992634,817045,531670,449438,9,1,54.3,15519,980117,Uttar Pradesh,Ballia,GEN,IN,433
Uttar Pradesh-S24,Jaunpur-GEN,S24-73,989530,876773,520123,518437,18,2,55.71,80936,1038211,Uttar Pradesh,Jaunpur,GEN,IN,434
Uttar Pradesh-S24,Machhlishahr-SC,S24-74,983037,862357,511790,520320,15,0,55.99,181,1024095,Uttar Pradesh,Machhlishahr,SC,IN,435
Uttar Pradesh-S24,Ghazipur-GEN,S24-75,1016718,850935,580248,519642,14,0,58.78,119392,1098756,Uttar Pradesh,Ghazipur,GEN,IN,436
Uttar Pradesh-S24,Chandauli-GEN,S24-76,954442,795187,589802,490253,12,1,61.76,13959,1073743,Uttar Pradesh,Chandauli,GEN,IN,437
Uttar Pradesh-S24,Varanasi-GEN,S24-77,1024965,829458,606306,452435,24,2,57.11,479505,1056439,Uttar Pradesh,Varanasi,GEN,IN,438
Uttar Pradesh-S24,Bhadohi-GEN,S24-78,1059276,881226,540234,496990,12,0,53.51,43615,1030303,Uttar Pradesh,Bhadohi,GEN,IN,439
Uttar Pradesh-S24,Mirzapur-GEN,S24-79,971042,871205,587558,520101,6,3,60.1,232008,1093612,Uttar Pradesh,Mirzapur,GEN,IN,440
Uttar Pradesh-S24,Robertsganj-SC,S24-80,927094,795026,534178,453411,10,2,57.34,54336,967169,Uttar Pradesh,Robertsganj,SC,IN,441
West Bengal-S25,Cooch behar-SC,S25-1,941477,869175,778609,741742,10,1,84.04,54231,1510193,West Bengal,Cooch behar,SC,IN,442
West Bengal-S25,Alipurduars-ST,S25-2,831717,811876,689356,686548,6,1,83.73,243989,1359042,West Bengal,Alipurduars,ST,IN,443
West Bengal-S25,Jalpaiguri-SC,S25-3,885452,846363,769205,728505,12,0,86.49,184004,1480994,West Bengal,Jalpaiguri,SC,IN,444
West Bengal-S25,Darjeeling-GEN,S25-4,807118,793425,642333,617792,15,1,78.65,413443,1256645,West Bengal,Darjeeling,GEN,IN,445
West Bengal-S25,Raiganj-GEN,S25-5,830316,769584,639728,632825,12,2,79.76,60574,1263360,West Bengal,Raiganj,GEN,IN,446
West Bengal-S25,Balurghat-GEN,S25-6,735801,693918,605721,589598,11,2,83.67,33293,1184435,West Bengal,Balurghat,GEN,IN,447
West Bengal-S25,Maldaha Uttar-GEN,S25-7,863317,820427,661444,690382,14,2,80.35,84288,1346667,West Bengal,Maldaha Uttar,GEN,IN,448
West Bengal-S25,Maldaha Dakshin-GEN,S25-8,800475,772924,625059,650335,9,1,81.19,8222,1267140,West Bengal,Maldaha Dakshin,GEN,IN,449
West Bengal-S25,Jangipur-GEN,S25-9,824119,789921,638429,664486,10,1,80.71,245782,1293149,West Bengal,Jangipur,GEN,IN,450
West Bengal-S25,Baharampur-GEN,S25-10,836792,795255,641365,654690,11,0,79.35,80696,1285911,West Bengal,Baharampur,GEN,IN,451
West Bengal-S25,Murshidabad-GEN,S25-11,882248,840476,720758,731221,11,0,84.27,226417,1438730,West Bengal,Murshidabad,GEN,IN,452
West Bengal-S25,Krishnanagar-GEN,S25-12,842215,782610,688470,672857,10,1,83.74,63218,1358935,West Bengal,Krishnanagar,GEN,IN,453
West Bengal-S25,Ranaghat-SC,S25-13,904849,851548,749675,729275,4,3,84.21,233428,1474898,West Bengal,Ranaghat,SC,IN,454
West Bengal-S25,Bangaon-SC,S25-14,871463,828277,716577,687887,9,1,82.58,111594,1400228,West Bengal,Bangaon,SC,IN,455
West Bengal-S25,Barrackpore-GEN,S25-15,739354,693893,579960,522600,13,2,76.89,14857,1091786,West Bengal,Barrackpore,GEN,IN,456
West Bengal-S25,Dum dum-GEN,S25-16,780277,784634,619195,583905,11,1,76.92,53002,1190169,West Bengal,Dum dum,GEN,IN,457
West Bengal-S25,Barasat-GEN,S25-17,870577,845388,729072,664191,9,3,81.21,110169,1377650,West Bengal,Barasat,GEN,IN,458
West Bengal-S25,Basirhat-GEN,S25-18,863040,813617,753166,679304,12,1,85.4,350369,1424233,West Bengal,Basirhat,GEN,IN,459
West Bengal-S25,Jaynagar-SC,S25-19,846217,801488,710417,644971,7,1,82.27,316775,1345659,West Bengal,Jaynagar,SC,IN,460
West Bengal-S25,Mathurapur-SC,S25-20,851899,799160,722868,678047,9,0,84.86,203974,1395043,West Bengal,Mathurapur,SC,IN,461
West Bengal-S25,Diamond harbour-GEN,S25-21,886338,832059,745450,662528,9,1,81.96,320594,1392755,West Bengal,Diamond harbour,GEN,IN,462
West Bengal-S25,Jadavpur-GEN,S25-22,909067,906965,743145,691668,9,4,79.09,295239,1421353,West Bengal,Jadavpur,GEN,IN,463
West Bengal-S25,Kolkata Dakshin-GEN,S25-23,896368,831858,638271,565962,9,4,69.79,155192,1191821,West Bengal,Kolkata Dakshin,GEN,IN,464
West Bengal-S25,Kolkata Uttar-GEN,S25-24,794275,649528,527881,421566,19,2,65.83,127095,943877,West Bengal,Kolkata Uttar,GEN,IN,465
West Bengal-S25,Howrah-GEN,S25-25,852985,780190,656812,564529,18,1,74.81,103695,1215956,West Bengal,Howrah,GEN,IN,466
West Bengal-S25,Uluberia-GEN,S25-26,831593,782405,676981,633018,6,4,81.18,215359,1301700,West Bengal,Uluberia,GEN,IN,467
West Bengal-S25,Srerampur-GEN,S25-27,914863,869085,722334,677696,11,0,78.51,98536,1381204,West Bengal,Srerampur,GEN,IN,468
West Bengal-S25,Hooghly-GEN,S25-28,890036,874548,735764,719695,7,2,82.52,73362,1444317,West Bengal,Hooghly,GEN,IN,469
West Bengal-S25,Arambagh-SC,S25-29,904546,858431,745780,724650,7,2,83.41,1142,1451486,West Bengal,Arambagh,SC,IN,470
West Bengal-S25,Tamluk-GEN,S25-30,875516,816491,731556,712353,12,0,85.36,190165,1435966,West Bengal,Tamluk,GEN,IN,471
West Bengal-S25,Kanthi-GEN,S25-31,856922,800135,723072,698678,7,0,85.79,111668,1415560,West Bengal,Kanthi,GEN,IN,472
West Bengal-S25,Ghatal-GEN,S25-32,921051,876615,738122,748473,6,1,82.71,107973,1475008,West Bengal,Ghatal,GEN,IN,473
West Bengal-S25,Jhargram-ST,S25-33,827037,812336,710101,691203,6,3,85.65,11767,1388522,West Bengal,Jhargram,ST,IN,474
West Bengal-S25,Medinipur-GEN,S25-34,846409,825954,713838,693138,9,0,84.21,88952,1395057,West Bengal,Medinipur,GEN,IN,475
West Bengal-S25,Purulia-GEN,S25-35,840972,802592,695989,656252,14,1,82.34,204732,1343914,West Bengal,Purulia,GEN,IN,476
West Bengal-S25,Bankura-GEN,S25-36,837180,807335,703940,663542,15,0,83.2,174333,1357836,West Bengal,Bankura,GEN,IN,477
West Bengal-S25,Bishnupur-SC,S25-37,828805,794282,731565,686305,9,0,87.31,78047,1406212,West Bengal,Bishnupur,SC,IN,478
West Bengal-S25,Bardhaman Purba-SC,S25-38,868090,828393,731115,706739,7,0,84.76,89311,1428526,West Bengal,Bardhaman Purba,SC,IN,479
West Bengal-S25,Bardhaman Durgapur-GEN,S25-39,880677,851727,738241,693229,4,2,82.66,2439,1414467,West Bengal,Bardhaman Durgapur,GEN,IN,480
West Bengal-S25,Asansol-GEN,S25-40,842781,772092,664991,572239,9,1,76.62,197637,1223688,West Bengal,Asansol,GEN,IN,481
West Bengal-S25,Bolpur-SC,S25-41,869828,832514,747330,711617,7,0,85.7,106402,1448991,West Bengal,Bolpur,SC,IN,482
West Bengal-S25,Birbhum-GEN,S25-42,860967,835865,743725,703397,7,2,85.3,88924,1437105,West Bengal,Birbhum,GEN,IN,483
Chhattisgarh-S26,SARGUJA-ST,S26-1,829398,824407,648612,629773,7,3,77.37,157873,1251424,Chhattisgarh,SARGUJA,ST,IN,484
Chhattisgarh-S26,RAIGARH-ST,S26-2,863317,868308,671128,675724,11,3,77.87,66027,1334395,Chhattisgarh,RAIGARH,ST,IN,485
Chhattisgarh-S26,JANJGIR-CHAMPA-SC,S26-3,964113,931094,635661,607315,10,5,65.76,83255,1237669,Chhattisgarh,JANJGIR-CHAMPA,SC,IN,486
Chhattisgarh-S26,KORBA-GEN,S26-4,758198,749526,574105,560913,12,1,75.35,26249,1117598,Chhattisgarh,KORBA,GEN,IN,487
Chhattisgarh-S26,BILASPUR-GEN,S26-5,952657,923156,623184,584177,23,2,64.44,141763,1205069,Chhattisgarh,BILASPUR,GEN,IN,488
Chhattisgarh-S26,RAJNANDGAON-GEN,S26-6,858203,857283,663568,640925,10,4,76.15,111966,1287597,Chhattisgarh,RAJNANDGAON,GEN,IN,489
Chhattisgarh-S26,DURG-GEN,S26-7,976652,961601,715194,674156,18,3,71.74,391978,1387725,Chhattisgarh,DURG,GEN,IN,490
Chhattisgarh-S26,RAIPUR-GEN,S26-8,1071920,1038885,721979,671279,23,2,66.12,348238,1391958,Chhattisgarh,RAIPUR,GEN,IN,491
Chhattisgarh-S26,MAHASAMUND-GEN,S26-9,812761,824219,617513,602242,13,0,74.63,90511,1201094,Chhattisgarh,MAHASAMUND,GEN,IN,492
Chhattisgarh-S26,BASTAR-ST,S26-10,662385,715509,444689,465274,7,0,66.19,38982,871179,Chhattisgarh,BASTAR,ST,IN,493
Chhattisgarh-S26,KANKER-ST,S26-11,767356,787608,577274,577547,9,0,74.36,6914,1132480,Chhattisgarh,KANKER,ST,IN,494
Jharkhand-S27,Rajmahal-ST,S27-1,741411,712091,528919,516393,12,2,72.03,99195,1034738,Jharkhand,Rajmahal,ST,IN,495
Jharkhand-S27,Dumka-ST,S27-2,718046,678255,518137,505399,13,2,73.43,47590,1011572,Jharkhand,Dumka,ST,IN,496
Jharkhand-S27,Godda-GEN,S27-3,905082,809772,610174,578795,12,1,69.55,184227,1175353,Jharkhand,Godda,GEN,IN,497
Jharkhand-S27,Chatra-GEN,S27-4,748595,674206,463730,458631,26,0,64.97,377871,917625,Jharkhand,Chatra,GEN,IN,498
Jharkhand-S27,Kodarma-GEN,S27-5,958522,853546,594662,613587,12,2,66.67,455600,1178377,Jharkhand,Kodarma,GEN,IN,499
Jharkhand-S27,Giridih-GEN,S27-6,877931,769764,576909,526778,13,2,67.11,248347,1087210,Jharkhand,Giridih,GEN,IN,500
Jharkhand-S27,Dhanbad-GEN,S27-7,1121554,946640,681732,567412,18,2,60.45,486194,1248471,Jharkhand,Dhanbad,GEN,IN,501
Jharkhand-S27,Ranchi-GEN,S27-8,998370,912504,641669,589258,19,1,64.45,282780,1230547,Jharkhand,Ranchi,GEN,IN,502
Jharkhand-S27,Jamshedpur-GEN,S27-9,871101,830183,590506,552796,19,4,67.18,302090,1138413,Jharkhand,Jamshedpur,GEN,IN,503
Jharkhand-S27,Singhbhum-ST,S27-10,634972,633132,441917,436562,7,2,69.24,72155,855059,Jharkhand,Singhbhum,ST,IN,504
Jharkhand-S27,Khunti-ST,S27-11,601003,598507,410870,419556,7,4,69.21,1445,811132,Jharkhand,Khunti,ST,IN,505
Jharkhand-S27,Lohardaga-ST,S27-12,626099,601405,404489,409371,14,0,66.24,10363,806767,Jharkhand,Lohardaga,ST,IN,506
Jharkhand-S27,Palamau-SC,S27-13,1011588,865466,626122,579847,17,2,64.3,477606,1203939,Jharkhand,Palamau,SC,IN,507
Jharkhand-S27,Hazaribagh-GEN,S27-14,884348,780116,552495,526659,15,1,64.82,479548,1073390,Jharkhand,Hazaribagh,GEN,IN,508
Uttarakhand-S28,Tehri Garhwal-GEN,S28-1,775618,705545,428054,435743,13,2,58.66,300586,869793,Uttarakhand,Tehri Garhwal,GEN,IN,509
Uttarakhand-S28,Garhwal-GEN,S28-2,674627,646703,330296,391050,9,0,54.79,302669,730508,Uttarakhand,Garhwal,GEN,IN,510
Uttarakhand-S28,Almora-SC,S28-3,666962,642123,309061,368861,4,2,51.91,232986,678967,Uttarakhand,Almora,SC,IN,511
Uttarakhand-S28,Nainital-udhamsingh Nagar-GEN,S28-4,956194,862051,647658,601589,7,0,68.83,339096,1247962,Uttarakhand,Nainital-udhamsingh Nagar,GEN,IN,512
Uttarakhand-S28,Hardwar-GEN,S28-5,980529,854878,671478,593713,14,1,69.05,258729,1264749,Uttarakhand,Hardwar,GEN,IN,513
Telangana-S29,Adilabad -ST,S29-1,730233,758064,523054,539832,10,1,71.4,58560,1050694,Telangana,Adilabad,ST,IN,514
Telangana-S29,Peddapalle -SC,S29-2,739571,738338,484439,484738,15,2,65.58,95180,961080,Telangana,Peddapalle,SC,IN,515
Telangana-S29,Karimnagar -GEN,S29-3,815145,835615,558800,588108,14,1,69.49,89508,1139718,Telangana,Karimnagar,GEN,IN,516
Telangana-S29,Nizamabad-GEN,S29-4,737445,815259,474024,587594,183,2,68.42,70875,1060737,Telangana,Nizamabad,GEN,IN,517
Telangana-S29,Zahirabad-GEN,S29-5,737455,760455,514518,529323,11,1,69.69,6229,1033225,Telangana,Zahirabad,GEN,IN,518
Telangana-S29,Medak-GEN,S29-6,798836,804070,581947,567533,10,0,71.74,316427,1134833,Telangana,Medak,GEN,IN,519
Telangana-S29,Malkajgiri-GEN,S29-7,1637281,1511786,823072,738294,11,1,49.62,10919,1545168,Telangana,Malkajgiri,GEN,IN,520
Telangana-S29,Secundrabad-GEN,S29-8,1024704,943107,488024,426124,26,2,46.49,62114,906068,Telangana,Secundrabad,GEN,IN,521
Telangana-S29,Hyderabad-GEN,S29-9,1012229,945250,479564,397698,15,0,44.84,282186,872219,Telangana,Hyderabad,GEN,IN,522
Telangana-S29,CHEVELLA-GEN,S29-10,1264060,1178245,678645,620290,21,2,53.22,14317,1290950,Telangana,CHEVELLA,GEN,IN,523
Telangana-S29,Mahbubnagar-GEN,S29-11,751177,753933,494155,489732,11,1,65.38,77829,974034,Telangana,Mahbubnagar,GEN,IN,524
Telangana-S29,Nagarkurnool-SC,S29-12,797668,789574,502620,486427,8,3,62.33,189748,976322,Telangana,Nagarkurnool,SC,IN,525
Telangana-S29,Nalgonda-GEN,S29-13,784008,801275,585803,588944,25,2,74.13,25682,1170143,Telangana,Nalgonda,GEN,IN,526
Telangana-S29,Bhongir -GEN,S29-14,818572,808925,616922,594332,13,0,74.48,5219,1200610,Telangana,Bhongir,GEN,IN,527
Telangana-S29,Warangal-SC,S29-15,828882,837021,530268,530078,13,2,63.69,350298,1042844,Telangana,Warangal,SC,IN,528
Telangana-S29,Mahabubabad  -ST,S29-16,701892,721380,485104,497622,10,4,69.05,146663,969453,Telangana,Mahabubabad,ST,IN,529
Telangana-S29,Khammam -GEN,S29-17,739482,773402,559568,578825,22,1,75.3,168062,1123999,Telangana,Khammam,GEN,IN,530
Andaman & Nicobar Islands-U01,Andaman & Nicobar Islands-GEN,U01-1,168701,149168,109407,97671,14,1,65.09,1407,205884,Andaman & Nicobar Islands,Andaman & Nicobar Islands,GEN,IN,531
Chandigarh-U02,CHANDIGARH-GEN,U02-1,341618,304411,240634,215557,27,9,70.6,46970,452233,Chandigarh,CHANDIGARH,GEN,IN,532
Dadra & Nagar Haveli-U03,Dadra And Nagar Haveli-ST,U03-1,132389,117629,103446,95479,10,1,79.58,9001,196033,Dadra & Nagar Haveli,Dadra And Nagar Haveli,ST,IN,533
Daman & Diu-U04,Daman & diu-GEN,U04-1,60978,60726,41600,45841,4,0,71.85,9942,85982,Daman & Diu,Daman & diu,GEN,IN,534
NCT OF Delhi-U05,CHANDNI CHOWK                 -GEN,U05-1,848303,713393,540841,438037,21,5,62.75,228145,975257,NCT OF Delhi,CHANDNI CHOWK,GEN,IN,535
NCT OF Delhi-U05,NORTH EAST DELHI              -GEN,U05-2,1252189,1037218,807473,650546,23,1,63.81,366102,1456886,NCT OF Delhi,NORTH EAST DELHI,GEN,IN,536
NCT OF Delhi-U05,EAST DELHI                    -GEN,U05-3,1128885,909306,694305,561981,22,4,61.68,391222,1252901,NCT OF Delhi,EAST DELHI,GEN,IN,537
NCT OF Delhi-U05,NEW DELHI                     -GEN,U05-4,894985,720840,506403,412647,25,2,56.91,256504,913940,NCT OF Delhi,NEW DELHI,GEN,IN,538
NCT OF Delhi-U05,NORTH WEST DELHI              -SC,U05-5,1304555,1072891,775650,626168,10,1,58.97,553897,1392752,NCT OF Delhi,NORTH WEST DELHI,SC,IN,539
NCT OF Delhi-U05,WEST DELHI                    -GEN,U05-6,1276652,1090797,780000,657076,22,1,60.78,578486,1432664,NCT OF Delhi,WEST DELHI,GEN,IN,540
NCT OF Delhi-U05,SOUTH DELHI                   -GEN,U05-7,1167359,898266,683436,529057,25,2,58.73,367043,1208958,NCT OF Delhi,SOUTH DELHI,GEN,IN,541
Lakshadweep-U06,Lakshadweep-ST,U06-1,27921,27136,23328,23549,6,0,85.18,823,46909,Lakshadweep,Lakshadweep,ST,IN,542
Puducherry-U07,Puducherry-GEN,U07-1,459022,513771,371347,418834,16,2,81.24,197025,778561,Puducherry,Puducherry,GEN,IN,543
